USER_ID,MOVIE_ID,Movie_Name,rating
1,33385437,深红,3.8946962
1,26828028,喜剧王,3.8946962
1,30465793,Unburied Tales,2.921022
1,30318525,珀西,2.921022
1,33413733,Ghost Stories,1.9473481
1,27104351,塞尔瓦贾拉：第1卷，大地,1.9473481
1,26670818,情定河州,1.9473481
